<?xml version="1.0" encoding="UTF-8"?>
<beans xmlns="http://www.springframework.org/schema/beans"
	xmlns:xsi="http://www.w3.org/2001/XMLSchema-instance"
	xmlns:aop="http://www.springframework.org/schema/aop"
	xmlns:context="http://www.springframework.org/schema/context"
	xmlns:util="http://www.springframework.org/schema/util"
	xmlns:p="http://www.springframework.org/schema/p"
	xmlns:tx="http://www.springframework.org/schema/tx"
	xmlns:mvc="http://www.springframework.org/schema/mvc"
	xsi:schemaLocation="http://www.springframework.org/schema/beans 
	http://www.springframework.org/schema/beans/spring-beans-4.0.xsd
	http://www.springframework.org/schema/context
    http://www.springframework.org/schema/context/spring-context-3.0.xsd
    http://www.springframework.org/schema/util 
    http://www.springframework.org/schema/util/spring-util-3.0.xsd
 	http://www.springframework.org/schema/aop 
	http://www.springframework.org/schema/aop/spring-aop.xsd
	http://www.springframework.org/schema/mvc 
	http://www.springframework.org/schema/mvc/spring-mvc-3.2.xsd
	http://www.springframework.org/schema/tx 
	http://www.springframework.org/schema/tx/spring-tx-3.2.xsd">
	<context:component-scan
		base-package="com.cg.bean"></context:component-scan>
	<bean class="com.cg.bean.Employee" id="emp">
		<property name="empId" value="12354"></property>
		<property name="empName" value="safd"></property>
		<property name="salary" value="12000"></property>
		<property name="SBU" ref="sbu1"></property>
		<property name="businessUnit" value="BU"></property>
		<!-- <property name="SBU" value="safsd"></property> -->
		<property name="age" value="20"></property>
	</bean>
	<bean class="com.cg.bean.SBU" id="sbu1">
		<property name="sbuId" value="1254"></property>
		<property name="sbuName" value="dsfds"></property>
		<property name="sbuHead" value="sdfds"></property>
	</bean>
</beans>