<?xml version="1.0" encoding="UTF-8"?>
<beans xmlns="http://www.springframework.org/schema/beans"
	xmlns:xsi="http://www.w3.org/2001/XMLSchema-instance"
	xmlns:aop="http://www.springframework.org/schema/aop"
	xmlns:context="http://www.springframework.org/schema/context"
	xmlns:util="http://www.springframework.org/schema/util"
	xmlns:p="http://www.springframework.org/schema/p"
	xmlns:tx="http://www.springframework.org/schema/tx"
	xmlns:mvc="http://www.springframework.org/schema/mvc"
	xsi:schemaLocation="http://www.springframework.org/schema/beans 
	http://www.springframework.org/schema/beans/spring-beans-4.0.xsd
	http://www.springframework.org/schema/context
    http://www.springframework.org/schema/context/spring-context-3.0.xsd
    http://www.springframework.org/schema/util 
    http://www.springframework.org/schema/util/spring-util-3.0.xsd
 	http://www.springframework.org/schema/aop 
	http://www.springframework.org/schema/aop/spring-aop.xsd
	http://www.springframework.org/schema/mvc 
	http://www.springframework.org/schema/mvc/spring-mvc-3.2.xsd
	http://www.springframework.org/schema/tx 
	http://www.springframework.org/schema/tx/spring-tx-3.2.xsd">
	<bean class="bean.Employee" id="emp" scope="prototype">
		<property name="empName" value="Chythra"></property>
		<property name="empSal" value="1000"></property>
		<property name="address" ref="homeAdd"></property>
		<property name="depts">
			<list>
				<value>Java</value>
				<value>SQL</value>
				<value>HTML</value>
			</list>
		</property>
	</bean>
	<bean class="bean.Address" id="homeAdd" scope="prototype">
		<property name="street" value="Hinjewadi"></property>
		<property name="city" value="Pune"></property>
		<property name="zipcode" value="123456"></property>
	</bean>
	<bean class="bean.Address" id="homeAdd2" scope="prototype">
		<property name="street" value="Hindupur"></property>
		<property name="city" value="Annatapur"></property>
		<property name="zipcode" value="654321"></property>
	</bean>

	<!-- adding resources file to the object -->
	<bean id="placeholderConfig"
		class="org.springframework.beans.factory.config.PropertyPlaceholderConfigurer">
		<property name="location" value="info.properties"></property>
	</bean>

	<!-- adding date -->
	<bean
		class="org.springframework.beans.factory.config.CustomEditorConfigurer">
		<property name="customEditors">
			<map>
				<entry key="java.time.LocalDate" value="bean.Date"></entry>
			</map>
		</property>
	</bean>

	<context:component-scan base-package="bean"></context:component-scan>
	<bean class="bean.Employee" id="emp1" scope="prototype">
		<property name="empName" value="${empName}"></property>
		<property name="empSal" value="${empSal}"></property>
		<property name="address" ref="homeAdd2"></property>
		<property name="doj">
			<value>getDOJ()</value>
		</property>
		<property name="depts">
			<list>
				<value>Java</value>
				<value>SQL</value>
				<value>HTML</value>
			</list>
		</property>
	</bean>
</beans>